{
  "train": {
    "n": 800000
  },
  "val": {
    "n": 100000,
    "roc_auc": 0.9815974487115843,
    "pr_auc": 0.8742803032782446,
    "base_rate": 0.01008
  }
}