{
  "train": {
    "n": 800000
  },
  "calibration": {
    "p01": 0.3391216343641281,
    "p99": 0.5991535466909407
  },
  "val": {
    "n": 100000,
    "roc_auc": 0.8750857953729145,
    "pr_auc": 0.17299390401912562,
    "base_rate": 0.01008
  }
}